주관기관,전화번호,홈페이지주소
(사) 부산국제영화제,051-709-2091,http://www.biff.kr
(사) 부산기독교총연합회,051-464-0112,http://www.bctf.kr
(사)가야문화축제제전위원회,055-330-3958,www.gcfkorea.com
(사)감천문화마을 주민협의회,051-204-1444,http://www.gamcheon.or.kr
(사)강릉단오제위원회(사)강릉단오제보존회 외,033-641-1593,http://www.danojefestival.or.kr/
(사)고창무장읍성보존회,NULL,www.gochang.go.kr/culture/board/view.gochang?boardId=BBS_0000220&menuCd=DOM_000000603001009000&startPge=1&dataSid=391976
(사)교산·난설헌선양회,033-640-5580,http://www.hongkildong.or.kr/
(사)교산·난설헌선양회,000-0000-0000,http://www.hongkildong.or.kr/
(사)김유정기념사업회,033-261-4650,http://www.kimyoujeong.or.kr
(사)김유정기념사업회,033-261-4650,http://www.kimyoujeong.or.kr
(사)김해도예협회,055-330-3244,www.festival.buncheong.net
(사)담양대나무축제위원회,061-380-3152,www.bamboofestival.co.kr
(사)대구음식문화포럼,053-980-7956,http://www.seungsi.com
(사)대구포크페스티벌,053-626-2015,http://www.dgff.kr/
(사)대한자전거연맹,031-860-2209,http://mtb.ddc.go.kr
(사)동두천시자원봉사센터,031-860-2214,http://www.ddc.go.kr
(사)동학농민혁명계승사업회,063-539-5432,http://www.donghak.or.kr
(사)드라마페스티벌 조직위원회,055-755-2363,http://www.kdfo.org
(사)모양성보존회,063-560-2454,www.gochang.go.kr/moyangfestival/index.gochang
(사)법성포단오제 보존회,061-356-4331,http://bspdanoje.co.kr
(사)봉화군축제위원회,054-679-6343,http://www.bonghwafestival.com/songi
(사)봉화군축제위원회,054-679-6342,http://www.bonghwafestival.com/eunuh
(사)부산국제어린이영화제조직위원회,051-743-7652,http://www.biky.or.kr/
(사)부산문화관광축제조직위원회,051-888-5224,http://www.bfo.or.kr/main/index.asp
(사)부산문화관광축제조직위원회,051-888-5221,http://www.bfo.or.kr/main/index.asp
(사)부산문화관광축제조직위원회,051-888-5222,http://www.bfo.or.kr/main/index.asp
(사)부산문화관광축제조직위원회,051-888-5357,http://www.bfo.or.kr
(사)부산문화관광축제조직위원회,051-888-5222,http://www.bfo.or.kr/main/index.asp
(사)부산문화관광축제조직위원회,051-888-5224,http://www.bfo.or.kr/main/index.asp
(사)부산문화관광축제조직위원회,051-888-5222,http://www.bfo.or.kr/main/index.asp
(사)부산문화관광축제조직위원회,051-501-6051,http://www.bfo.or.kr/
(사)부산문화관광축제조직위원회,051-501-6051,http://www.bfo.or.kr/
(사)부산서구문화원,051-240-4062,http://www.busangde.co.kr
(사)부산자갈치문화관광축제위원회,051-243-9363,http://www.ejagalchi.com/
(사)부천국제판타스틱영화제조직위원회,032-327-6313,http://www.bifan.kr
(사)북구문화관광축제조직위원회,051-309-4522,http://www.guponarufes.co.kr
(사)서울약령시협회,02-969-4793,www.seoulya.com
(사)세계거리춤축제위원회,02-3295-5560,NULL
(사)시간과공간연구소,053-661-2173,NULL
(사)약령시보존위원회,053-253-4729,http://www.herbfestival.org
(사)약령시보존위원회,053-661-2044,NULL
(사)약령시보존위원회,053-661-2044,NULL
(사)약령시보존위원회,053-661-2044,NULL
(사)어수회,031-860-2439,http://www.ddc.go.kr
(사)영랑기념사업회,061-430-3372,http://www.gangjin.go.kr/culture/
(사)울릉청년단,054-791-4116,http://www.ulleung.go.kr/tour/
(사)의병기념사업회,055-570-2502,http://www.uiryeong.go.kr/tour/index.uiryeong
(사)이천농촌나드리,031-636-2723,http://www.2000green.com
(사)이천예총,031-634-7300,http://www.2000art.or.kr
(사)자라섬청소년재즈센터,031-581-2813,https://www.facebook.com/jarasumjazz
(사)정선아리랑제위원회),033-563-2646,www.arirangfestival.co.kr
(사)정읍사문화제 제전위원회,063-539-5173,http://www.jchf.or.kr
(사)주얼리팰리스협의회,063-834-5100,http://www.iksanjewelpalace.com
(사)죽파류 가야금산조보존회,031-850-5147,http://www.uac.or.kr
(사)진해세계군악의장페스티벌추진위원회,NULL,NULL
(사)춘천국제고음악제,033-259-5830,http://ciemfestival.co.kr
(사)춘천마임축제,033-242-0585,http://www.mimefestival.com
(사)춘천마임축제,033-242-0585,http://www.mimefestival.com
(사)춘천연극제,033-241-4345,http://www.citf.or.kr/
(사)충주시사회단체연합회,043-847-4001,NULL
(사)태안반도안면청년회,041-670-2768,NULL
(사)한국농업경영인경주시연합회,054-743-7990,NULL
(사)한국미술협회 춘천지부,033-241-1856,http://cafe.daum.net/CCART
(사)한국연예예술인협회,02-2655-3157,http://culture.bsseogu.go.kr
(사)한국연예협회 울진군 지부,054-789-6891,NULL
(사)한국예술문화단체 총연합회오산지회,031-378-3967,NULL
(사)한국예술문화단체 총연합회오산지회,031-378-3967,NULL
(사)한국예총 경주지회,054-779-6072,http://www.gyeongju.go.kr/sillafestival
(사)한국예총 구리지회,031-550-2065,http://www.guri.go.kr
(사)한국예총 구리지회,031-550-2065,http://www.guri.go.kr
(사)한국예총 구리지회,031-550-2065,http://www.guri.go.kr
(사)한국예총 아산지회,041-540-2087,NULL
(사)한국외식업중앙회 대구달서구지부,053-667-2782,http://www.dalseo.daegu.kr
(사)한국체육진흥회,064-760-3320,NULL
(사)해운대문화관광협의회,051-749-4062,http://www.sandfestival.kr/
(재)계룡軍문화발전재단,042-840-2631,www.mfestival.org
(재)광주문화재단,062-613-3182,NULL
(재)남도음식문화큰잔치,061-430-3334,http://www.namdofood.or.kr/
(재)남도음식문화큰잔치,061-430-3354,http://www.gangjin.go.kr/culture/
(재)달서문화재단,053-584-9771,http://www.dscf.okr.kr
(재)달서문화재단,053-584-9711,http://www.dscf.okr.kr
(재)대구디지털산업진흥원,053-475-7745,http://www.efun.or.kr
(재)대구문화재단,053-430-1263,http://www.daegufestival.com
(재)대구문화재단,053-430-1263,http://www.cdf.or.kr
(재)대구오페라하우스,053-666-3074,http://www.daeguoperahouse.org
(재)명량대첩기념사업회,061-286-5261,http://www.mldc.kr/web/
(재)밀양문화재단,055-359-4521,http://arirang.or.kr/xe/main
(재)백제문화제추진위원회,041-830-2211,http://www.baekje.org/html/kr/
(재)보령축제관광재단,041-930-0891,www.mudfestival.or.kr
(재)보령축제관광재단,041-930-0891,http://www.mudfestival.or.kr
(재)보령축제관광재단,041-930-0891,http://www.mudfestival.or.kr
(재)부산문화재단,051-600-4085,http://www.bsjunggu.go.kr/tour/index.junggu?menuCd=DOM_000000203003000000
(재)사천문화재단,055-835-6492,www.sccf.or.kr
(재)수성문화재단,053-666-2162,http://suseong.kr
(재)수성문화재단,053-666-2163,http://www.ssfestival.net/
(재)수원문화재단,031-228-2415,http://www.swcf.or.kr/shcf/
(재)수원문화재단,031-290-3532,NULL
(재)아산문화재단,041-540-2550,http://showtimehall.co.kr/dcf/
(재)아산문화재단,041-540-2550,http://culture.asan.go.kr/_sinjungho/
(재)아산문화재단,041-540-2550,http://culture.asan.go.kr/_ginko/
(재)아산문화재단,041-534-2140,culture.asan.go.kr
(재)아산문화재단,041-540-2550,http://culture.asan.go.kr/_esunshin/2017/index.asp
(재)안양문화예술재단,031-687-0500,http://www.ayac.or.kr
(재)안양문화예술재단,031-687-0500,http://www.ayac.or.kr
(재)안양문화예술재단,031-687-0500,http://www.ayac.or.kr
(재)안양문화예술재단,031-687-0500,http://www.ayac.or.kr
(재)영양축제관광재단,054-680-6411,yftf.kr
(재)오산문화재단,031-379-9923,http://www.doksanseong.kr
(재)오산문화재단,031-379-9924,https://www.wheel2.kr
(재)원주문화재단,033-763-9114,http://www.ddcwj.com/
(재)의정부시평생학습원,031-826-9973,https://www.ui4u.go.kr
(재)인제군문화재단,033-460-8971,http://www.injefestival.co.kr/
(재)임실치즈테마파크,063-643-2300,www.cheesepark.kr
(재)정선아리랑문화재단,033-560-3010,http://icefestival.kr/
(재)제천문화재단,043-641-4870,www.jcac.or.kr
(재)제천문화재단,043-641-4870,www.jcac.or.kr
(재)제천문화재단,043-641-4870,www.jcac.or.kr
(재)춘천인형극제,033-242-8452,http://cocobau.com/
(재)충남문화산업진흥원,041-415-0096,NULL
(재)충남문화산업진흥원041-415-0096,NULL,NULL
(재)충주중원문화재단,043-850-7981,cjlake.kr
(재)한산대첩기념사업회,055-644-5222,http://www.hansanf.org
(주)SK에너지,052-229-3342,http://ulsanrosefestival.com/
(주)네이처농업회사법인,NULL,NULL
(주)아트플레쉬,064-784-9030,https://www.jejulaf.com/
(주)워터웨이플러스,031-980-2488,NULL
2018여수동동북축제추진위원회,061-659-1588,http://tour.yeosu.go.kr/dongdong
4.19혁명 국민문화제위원회,02-901-6206,www.festival419.org
BIAF 집행위원회,NULL,http://www.biaf.or.kr
BIFF조직위원회,1688-3010,http://www.biff.kr
CJ E&M,1566-2226,http://valleyrockfestival.mnet.com/
DIBF 조직위원회,053-803-3881,http://dibf.co.kr/
JK커뮤니케이션,041-840-8069,NULL
KBS춘천방송총국,033-254-0906,http://program.kbs.co.kr/1tv/local/allthatmusic/pc/
KCTV제주방송,NULL,NULL
KNN,070-4275-0503,http://www.knn.co.kr
SBS A&T,055-930-3752,NULL
UBC 울산방송,052-290-3654,NULL
가나엔터프라이즈,062-613-2722,http://2016wyf.com
가천마을회,NULL,http://tour.namhae.go.kr/main.web
가파도청보리축제위원회,064-794-7130,NULL
가파리마을회,064-760-4085,www.i70ni.com
간월도어리굴젓수산물한마당추진위원회,041-660-2069,http://www.seosan.go.kr/tour
간월도어리굴젓수산물한마당추진위원회,NULL,NULL
갈비중식일식축제협의회 외식업지부,031-228-2233,NULL
갈비중식일식축제협의회 외식업지부,031-228-2233,NULL
감물면 축제추진위원회,043-830-2433,NULL
갑사번영회,041-840-8093,NULL
강경젓갈축제추진위원회,041-746-5663,http://www.nonsan.go.kr/ggfestival/
강남구,02-3423-5534,http://festival.gangnam.kr/
강남구,02-3423-5535,www.facebook.com/2019KMF/
강남구,02-3423-5535,http://www.gangnam.go.kr/board/article/2425/view.do?mid=FM0503&pgno=1&keyfield=bdm_main_title&keyword=야외시네마&schArticle=ARTICLE_03
강남구,02-3423-5535,https://www.gangnamfilm.com/
강남문화재단,02-6712-0512,www.gfac.kr
강동구청,02-3425-5246,http://culture.gangdong.go.kr
강릉문화재단,033-647-6802,http://www.coffeefestival.net/
강서문화원,02-2600-6455,www.heojunfestival.com
강서문화원,02-2600-6455,http://www.gangseo.seoul.kr/site/munhwa/index.jsp
강서문화원,02-2600-6455,http://www.gangseo.seoul.kr/site/munhwa/index.jsp
강서문화원,02-2600-6455,http://www.gangseo.seoul.kr/site/munhwa/index.jsp
강원도 태백시,033-550-2085,http://festival.taebaek.go.kr/snow/
강원도 태백시,033-550-2085,http://festival.taebaek.go.kr/summer/
강원도음악협회,033-244-8844,http://www.makkw.or.kr
강원도청소년수련원,033-240-2310,http://kcmf.or.kr/comc/gangwon/
강원시청자미디어센터,033-240-2310,http://kcmf.or.kr/comc/gangwon/
강진군 향토축제추진위원회,061-430-3354,http://www.gangjin.go.kr/culture/
강진군향토축제추진위원회,061-430-3352,http://www.gangjin.go.kr/culture/
강진군향토축제추진위원회,061-430-3354,http://www.gangjin.go.kr/culture/
강화군문화축제추진위원회,032-930-3623,http://www.ganghwa.go.kr/open_content/festival/
개천예술제 제전위원회,055-752-0111,http://www.gaecheonart.com
거문도백도은빛바다축제추진위원회,061-659-4744,http://www.ystour.kr/kr/festival/
거제대구수산물축제추진위원회,055-639-4273,NULL
거제도국제펭귄수영축제위원회,055-639-6861,NULL
거제맥주축제추진위원회,055-639-3373,NULL
거제맹종죽영농조합법인,055-639-6353,NULL
거제문화예술회관,055-680-1000,NULL
거창크리스마스트리문화축제위원회,055-942-4992,www.gcctf.co.kr
겨울공주 군밤축제추진위원회,041-840-8090,NULL
겨울공주 군밤축제추진위원회,041-840-8093,NULL
경기관광공사,031-980-2489,http://dmz.ggtour.or.kr/index.php
경기관광공사,031-860-2627,http://www.ddc.go.kr
경기도 광주시청,031-760-2913,https://www.gjcity.go.kr
경기도 군포문화재단,031-390-3515,http://www.gunpofestival.org/
경기도 시흥시,031-310-6268,www.culturesiheung.com
경기도 의정부시청,031-828-2933,NULL
경기도 의정부시청,031-828-2932,NULL
경기동부인삼농협,031-645-3094,http://www.kginsam.nonghyup.com
경산갓바위축제추진위원회,053-851-0022,NULL
경산자인단오제보존회,053-856-5765,NULL
경상남도 거제시 남부면,055-639-6531,NULL
경상남도 거제시 농업개발과,055-639-6443,NULL
경상남도 거제시 동부면,055-639-6511,NULL
경상남도 거제시 둔덕면번영회,055-639-6592,NULL
경상북도 영덕군청,054-730-6586,www.yd.go.kr
경상북도 영덕군청,054-730-6092,www.yd.go.kr
경상북도 칠곡군,054-979-6433,http://www.chilgokmpf.com/www/main
경상북도 칠곡군,054-979-6100,www.nakdongriverpeacefestival.or.kr
경상북도 칠곡군,054-979-6100,www.nakdongriverpeacefestival.or.kr
경상일보,052-226-5415,NULL
경인일보,031-687-0500,http://www.ayac.or.kr
경인일보,031-687-0500,http://www.ayac.or.kr
경주세계차문화축제조직위원회,NULL,NULL
계룡산산신제보존회,041-840-8093,NULL
계룡산축제추진위원회,041-840-8093,NULL
계양구,032-450-5874,NULL
고등동,NULL,NULL
고래문화재단,052-226-1991,http://www.ulsanwhale.com
고산농악보존회,053-666-2172,http://suseong.kr
고서포도축제추진위원회,061-380-3152,NULL
고성문화원,NULL,NULL
고성통일명태축제위원회,033-682-8008,http://myeongtae.com
고싸움놀이보존회,062-607-2315,http://www.gossaum.com
고싸움놀이보존회,062-607-2315,http://www.gossaum.com
고양문화재단,031-960-9683,http://www.hjfestival.or.kr
고양문화재단,02-337-9966,http://www.artgy.or.kr/PF/PF0201V.aspx?showid=0000005461
고양문화재단,031-960-9682,http://www.gylaf.kr
고양시불교사암연합회,031-969-0108,NULL
고양어린이박물관,031-839-0300,http://goyangcm.or.kr/program/Special_event/index.asp?no=13&mode=view&IDX=1997&p=1
고창갯벌축제위원회,063-560-2633,http://mudexp.gochang.go.kr
고창복분자와수박축제위원회,NULL,www.goboksu.co.kr
고창청보리밭축제위윈회,063-562-9897,www.gochang.go.kr/chungbori/
고창해풍고추축제위원회,NULL,www.gochang.go.kr/seawindgochu
고흥축제추진위원회,061-830-5305,http://festival.goheung.go.kr
곰소젓갈발효축제추진위원회,063-580-4778,NULL
곰취축제집행위원회,033-480-2230,http://ygfestival.kr/
공모 선정,053-663-2181,http://www.dgs.go.kr/tour/
공모사업 선정,061-659-4744,http://tour.yeosu.go.kr/dongdong
공주 금강여름축제조직위원회,041-840-2056,NULL
공주경비행기,041-840-8093,NULL
공주석장리구석기축제조직위원회,041-840-8112,NULL
공주시백제문화선양위원회,041-840-8069,NULL
공주시백제문화선양위원회,041-840-8069,NULL
관악구,02-879-5603,http://www.gwanak.go.kr/html/gang/sub/sub.html
관평동마을축제추진위원회,042-601-6895,NULL
광명6동주민자치위원회 및 유관단체,02-2680-6672,NULL
광명문화원,02-2680-6223,www.gmcc.or.kr/
광명시평생학습네트워크협의체,02-2680-6200,http://lll.gm.go.kr/site/festival
광산구건강가정·다문화가족지원센터,NULL,NULL
광산우리밀축제추진위원회,062-960-8493,http://www.gswoorimil.kr
광양매화축제추진위원회,061-797-2721,http://www.gwangyang.go.kr/tour_culture
광양숯불구이축제추진위원회,061-797-4903,http://www.gwangyang.go.kr/tour_culture
광양전어축제추진위원회,061-797-3679,http://www.gwangyang.go.kr/tour_culture
광주광역시 동구,062-608-2422,http://www.donggu.kr/index.es?sid=c8
광주광역시 서구,062-360-7551,www.seogu.gwangju.kr
광주광역시 서구,062-360-7186,www.seogu.gwangju.kr
광주광역시 서구,062-360-7030,www.seogu.gwangju.kr
광주광역시 서구,062-360-7234,www.seogu.gwangju.kr
광주광역시 서구,062-360-7551,www.seogu.gwangju.kr
광주광역시 서구 문화원,062-681-4174,www.seogu.gwangju.kr
광주세계김치축제위원회,062-613-3991,http://kimchi.gwangju.go.kr
광주세계김치축제위원회,062-613-3991,http://kimchi.gwangju.go.kr
광주세계김치축제위원회,062-613-3991,http://kimchi.gwangju.go.kr
광주시 남한산성문화제 추진위원회,031-760-2726,https://www.gjcity.go.kr
광천토굴새우젓광천김대축제추진위원회,041-630-1227,http://www.hsfestival.co.kr/html/s5_3.html
괴산군유기농업인연합회,043-830-3174,https://www.goesan.go.kr.
괴산축제위원회,043-830-3463,http//festival.go.kr
괴산축제위원회,043-830-3462,https://www.goesan.go.kr/festival.
괴산축제위원회,043-830-3462,https://www.goesan.go.kr/festival.
구로구,02-860-2060,www.guro.go.kr
구미시 해평면 도리사,054-474-3737,http://www.dorisa.or.kr/
구즉한마당축제추진위원회,042-601-6835,NULL
국제모래조각 페스티벌 추진위원회,NULL,NULL
군산시간여행축제추진위원회,063-454-3302,http://festival.gunsan.go.kr/
굿모닝 양림추진위원회,062-607-2312,http://www.goodmorningyangrim.com/
금능원담축제추진위원회,NULL,NULL
금산천봄꽃축제추진위원회,041-750-8103,https://www.geumsan.go.kr/town_01/
금산축제관광재단,041-750-4144,http://tour.geumsan.go.kr/
금산축제관광재단,041-750-2411,http://www.insamfestival.co.kr/
금산축제관광재단,041-750-4144,http://www.insamfestival.co.kr/
금산축제관광재단,041-750-4144,http://tour.geumsan.go.kr/
금정문화재단,051-519-4062,http://festival.geumjeong.go.kr
금천구,02-2627-1452,http://www.kingjeongjoparade.kr/
금천하모니벚꽃축제거버넌스,02-2627-1445,https://gcfac.or.kr/content?gcfac_menu_cd=U0107
기산국악제전위원회,055-970-6401,http://www.sancheong.go.kr
기지시줄다리기 축제위원회,041-355-8118,http://www.gijisi.com
김천국제가족연극제추진위원회 영남일보,054-435-8279,www.gitf.co.kr
김천문화원,054-434-4336,www.gcculture.or.kr
김천시자두포도축제추진위원회,054-421-2602,www.gcjadu.com
김포문화재단,031-980-2488,NULL
김포시,031-980-2489,http://www.dmztrailrun.com/media/
김해시,055-330-6681,https://lib.gimhae.go.kr/00038/00039.web
나주마한문화축제추진위원회,061-339-8722,http://www.naju.go.kr/tour/
낙동강세계평화문화대축전 추진위원회,054-979-6100,www.nakdongriverpeacefestival.or.kr/
낙동강세계평화문화대축전 추진위원회,054-979-6100,www.nakdongriverpeacefestival.or.kr/
낙동강세계평화문화대축전 추진위원회,054-979-6100,www.nakdongriverpeacefestival.or.kr
남구문화원,062-607-2315,http://www.goodmorningyangrim.com/
남구문화행사추진원회,053-664-3262,NULL
남구문화행사추진원회,053-664-3262,NULL
남당항 축제추진위원회,041-630-1227,http://www.hsfestival.co.kr/html/s5_1.html
남당항 축제추진위원회,041-630-1227,http://www.hsfestival.co.kr/html/s5_2.html
남당항축제추진위원회,041-630-1227,NULL
남당항축제추진위원회,041-630-1227,NULL
남동구,032-453-2142,www.namdong.go.kr/soraefestival
남면사회단체협의회,031-867-5683,NULL
남명선비문화축제집행위원회,055-970-6401,http://www.sancheong.go.kr
남산동자동차골목상점가상인회,053-661-3014,NULL
남양주시,031-590-4928,NULL
남원읍 축제위원회,064-760-4182,http://www.jejugosari.net/
남원읍축제위원회,064-760-4182,www.jejugosari.net
남일면홍도화축제추진위원회,041-750-8506,http://www.geumsan.go.kr/town_06/
남한강축제위원회,033-737-5630,NULL
노원문화원,NULL,NULL
노원문화원/조선왕릉문화벨트 콘텐츠활용사업추진단,02-2116-3774,NULL
노원탈축제추진위원회,NULL,NULL
노은1·2동 한마음축제추진위원회,042-601-6745,NULL
노은3동 한마음축제추진위원회,042-601-6944,NULL
논산딸기축제추진위원회,041-746-8386,http://www.nonsan.go.kr/nsfestival
농다리축제추진위원회,043-533-2744,http://www.jincheon.go.kr
농악보존회,02-899-1664,NULL
농업회사법인 오라,NULL,NULL
단양마늘축제추진위원회,NULL,http://www.dy21.net
단양문화원,043-420-2552,www.danyang.go.kr/twin
달서구,053-667-3212,http://www.dalseo.daegu.kr/
달서구문화원,053-667-2174,http://www.dalseo.daegu.kr
달서구청소년수련관,053-667-3222,NULL
달성문화원,053-668-2172,http://culture.dalseong.daegu.kr
달성소싸움협회,053-668-2192,NULL
달성토성마을골목축제 조직위원회,053-663-2181,http://www.dgs.go.kr/tour/
담양가로수사랑군민연대,061-380-3152,NULL
담양산타축제추진위원회,061-380-3152,NULL
당진수산업협동조합,041-350-4271,http://tour.dangjin.go.kr
당항포대첩축제위원회,055-670-4505,http://dhp.goseong.go.kr/index.goseong
대관령면축제위원회,033-335-3995,http://www.snowfestival.net
대구광역시 달서구여성단체협의회,053-667-3514,http://www.dalseo.daegu.kr
대구광역시 동구청,053-662-2173,http://www.dong.daegu.kr
대구광역시 수제화협회,053-661-2046,NULL
대구광역시 수제화협회,053-661-2046,NULL
대구광역시 수제화협회,053-661-2046,NULL
대구광역시 중구,053-661-2195,NULL
대구광역시 중구,053-661-2195,NULL
대구광역시동구문화재단,053-230-3310,http://www.dgdgcf.or.kr/
대구국제재즈축제조직위원회,053-1544-1850,http://www.dijf.or.kr
대구문화방송㈜,053-661-2177,NULL
대구영상미디어센터,052-960-7035,http://kcmf.or.kr/comc/ulsan/
대구예술대학교,054-971-2543,www.chilgokmpf.com
대구치맥페스티벌조직위원회,053-248-9998,http://chimacfestival.com
대구호러공연예술제조직위원회,053-628-7463,http://cafe.daum.net/dghr
대구화교협회,053-661-2177,NULL
대금산진달래축제추진위원회,055-639-6721,NULL
대덕문화원,042-608-6574,NULL
대봉문화마을협의회,053-661-2173,NULL
대부포도축제추진위원회,031-481-2317,NULL
대야문화제전위원회,055-930-3915,NULL
대전광역시 동구청,042-251-6685,http://www.donggu.go.kr
대전충남민주언론시민연합,042-865-3700,http://kcmf.or.kr/comc/daejeon/
대전효문화뿌리축제위원회,042-606-6293,http://www.djjunggu.go.kr
대한불교 조계종 도리사,054-474-3737,http://www.dorisa.or.kr/
대한불교 조계종 보천사,054-475-3581,http://www.bocheonsa.com/
덕수리민속보존회,064-760-4314,www.i70ni.com
도두1동마을회,064-712-4567,NULL
도솔산전적문화제 집행위원회,033-480-2230,http://ygfestival.kr/
동.서부 추진본부 및 각 주관부서,055-536-0031,NULL
동대문문화재단,02-3295-5561,NULL
동래읍성역사축제추진위원회,051-550-4092,http://festival.dongnae.go.kr
동삼어촌계 풍어제추진위원회,051-405-0204,http://www.yeongdo.go.kr/main.web
동작가족한마음축제 추진위원회,02-820-1321,NULL
동작구 교육정책과,02-820-9360,동작구통합도서관(http://lib.dongjak.go.kr)
동작구지역사회보장협의체·축제추진위원회,02-820-9536,NULL
동작구축제추진위원회,02-823-9330,www.dof.or.kr(미개통)
동학농민혁명무장기포기념제,063-560-2461,http://donghak.gochang.go.kr
동해문화원,033-530-2111,http://www.dh.go.kr/tour/sub.htm?nav_code=tou1497764548
둔내고랭지토마토축제위원회,033-340-2704,NULL
둔율올갱이마을 영농조합법인,043-830-3903,NULL
땅끝매화축체추진위원회,061-531-3512,www.haenam.go.kr
럭엑스런,031-860-2209,http://www.korea50k.com
마곡사상인연합회,041-840-8093,NULL
마곡사신록축제추진위원회,041-840-8093,NULL
마곡사신록축제추진위원회,041-840-8093,NULL
마산가고파국화축제위원회,NULL,NULL
마산예총,NULL,NULL
마산예총,NULL,NULL
만드리보존회,062-360-7030,NULL
만세보령문화제추진위원회,041-930-3412,http://www.brcn.go.kr
매일신문사,054-380-6065,NULL
몽산포항 주꾸미&수산물 축제위원회,NULL,NULL
무등커뮤니케이션,062-360-7186,sgfesta.com
무안군,061-450-5472,http://tour.muan.go.kr/
무안군,061-450-5472,http://tour.muan.go.kr/
무의도아트센터,NULL,NULL
무창포신비의바닷길축제추진위원회,041-930-6561,www.muchangpo.or.kr
무창포신비의바닷길축제추진위원회,041-930-4512,www.moochangpo.com
문경사과축제추진위원회,054-571-7677,http://www.mgapple.or.kr/
문경약돌한우축제추진위원회,054-571-7677,http://mghanwoo.or.kr/
문경오미자축제추진위원회,054-571-7677,http://www.mg5mija.or.kr/
문경찻사발축제추진위원회,054-550-6395,http://www.sabal21.com
문화기업 더스타일,053-661-2177,NULL
문화의거리 현대미술제 울산운영위원회,052-290-3666,NULL
문화체육관광부,1577-2296,NULL
물페기농요보존회,041-750-2411,http://tour.geumsan.go.kr/
민둥산억새꽃축제추진위원회,1544-9053,NULL
민주평화통일자문회의중구지회,053-661-2631,NULL
밤일음식문화거리 상가번영회,02-2680-5484,NULL
방선문축제위원회,064-728-4802,NULL
방천골목오페라추진위원회,053-661-2177,NULL
배꼽축제집행위원회,033-480-2230,http://ygfestival.kr/
배내골주민위원회,055-364-7778,http://tour.yangsan.go.kr/
배내골주민위원회,055-364-7778,http://tour.yangsan.go.kr/
백마권역영농조합법인,043-836-9911,NULL
백아면 청년회,061-379-5107,NULL
백운산국사봉철쭉축제추진위원회,061-797-4233,http://www.gwangyang.go.kr/tour_culture
백제문화선양위원회,041-840-8090,NULL
벌곡면주민자치회,041-746-8762,NULL
벌교꼬막축제추진위원회,061-857-7676,http://cockle.boseong.go.kr/index.boseong
벗꽃축제추진위,02-2620-4130,http://www.yangcheon.go.kr
보곡산골마을회,041-750-2411,http://tour.geumsan.go.kr/
보목어촌계 · 보목동청년회,064-733-3508,NULL
보목자리돔축제위원회,064-760-4502,www.i70ni.com
보성군,061-850-5211,http://light.boseong.go.kr/index.boseong
보성다향대축제추진위원회,061-850-5212,http://dahyang.boseong.go.kr/index.boseong
보성문화원,061-850-5202,http://sori.boseong.go.kr/index.boseong
보성벚꽃축제추진위원회,061-850-8283,http://festival.boseong.go.kr/index.boseong
보성전어축제추진위원회,061-850-8395,http://shad.boseong.go.kr/index.boseong
보수동 책방골목 번영회,051-253-7220,http://www.bosubook.com/
보은군축제추진위원회,043-540-3392,http://www.tourboeun.go.kr/prog/tursmCn/tour/sub02_01_01/view.do?cntno=29(보은군 관광홈페이지)
보은문화원,043-540-3754,http://www.tourboeun.go.kr/prog/tursmCn/tour/sub02_01_01/view.do?cntno=29(보은군 관광홈페이지)
보은문화원,043-540-3754,http://janghwan.boeun.go.kr/
보조사업 공고 후 선정[2018년 (주)영남일보 주관],NULL,NULL
봉래산발복기원제추진위원회,051-419-4064,http://www.yeongdo.go.kr/main.web
봉산문화협회,053-661-2177,NULL
봉산문화협회,053-661-2177,NULL
봉숫골벚꽃축제위원장,055-650-3851,NULL
봉황기획,041-840-8069,NULL
봉황기획,041-840-8069,NULL
봉황청년회,055-570-2513,http://www.uiryeong.go.kr/tour/index.uiryeong
부산광역시 강서구,051-970-4062,http://festival.bsgangseo.go.kr
부산광역시 금정구,051-519-4422,NULL
부산광역시 남구,NULL,NULL
부산광역시 부산진구청,051-605-4064,http://tour.busanjin.go.kr
부산광역시 부산진구청,051-605-4872,http://tour.busanjin.go.kr
부산광역시 부산진구청,051-605-6021,http://tour.busanjin.go.kr
부산광역시 부산진구청,051-605-4522,http://tour.busanjin.go.kr
부산국제매직페스티벌조직위원회,051-626-7002,http://blog.naver.com/bimf7002
부산문화재단,051-888-5091,http://tongsinsa.com/html/
부산일보,051-888-5054,http://bear.busan.com/ko/
부산일보사,051-461-4297,http://bear.busan.com
부산중구불교연합회,051-253-8686,NULL
부산중구청,051-600-4066,NULL
부산차이나타운축제추진위원회,051-440-4062,http://tour.bsdonggu.go.kr/
부안마실축제제전위원회,063-580-4778,http://www.buanmasil.com/
부여서동연꽃축제추진위원회,041-830-2211,www.부여서동연꽃축제.kr
부천국제만화축제운영위원회,032-310-3071,http://www.bicof.com
부평구축제위원회,032-509-7516,www.bpf.or.kr
북구청 문화예술과,NULL,NULL
북구청 문화예술과,NULL,NULL
북구청 문화예술과,NULL,NULL
북면위례벚꽃축제추진위원회,041-521-4721,NULL
북면위례벚꽃축제추진위원회041-521-4721,NULL,NULL
북평용줄다리기보존회,061-531-3213,www.haenam.go.kr
분당구청 가정복지과,NULL,NULL
불정면 리우회,043-830-2622,NULL
비사벌문화제전회,055-532-0993,NULL
비아마을 축제 추진위원회,NULL,NULL
사)금헌류방택기념사업회,041-661-8009,http://www.ryubangtaek.org
사)달성문화선양회,053-661-2177,NULL
사)대가야체험축제추진위원회,054-950-6424,http://fest.daegaya.net
사)무주반딧불축제제전위원회,063-320-2537,http://www.firefly.or.kr
사)용전들노래보존회,062-410-6618,NULL
사)용전들노래보존회,062-410-6618,NULL
사)장수한우랑사과랑축제추진위원회,063-350-5447,http://www.jangsufestival.com
사)희망지킴이 천사운동본부,031-861-1004,http://www.hope1004.org
사단법인 서귀포시관광협의회,064-739-7201,http://cafe.daum.net/winterseaswim
사단법인 섬아트제주,064-739-3373,https://www.artjejukorea.com/
사단법인제천국제음악영화제,02-925-2243,http://www.jimff.org
㈔대구국제뮤지컬페스티벌,053-622-1945,https://dimf.or.kr/
사량면주민자치위원회,055-650-3620,NULL
사상문화원,051-310-4064,http://www.sasangculture.or.kr/
사상문화원,051-310-4064,http://www.sasangculture.or.kr/
사선문화제전위원회,063-643-3988,NULL
사천시농업한마당축제 추진위원회,055-831-3761,NULL
산내면발전협의회,063-620-4705,http://www.namwon.go.kr/tour/index.do
산내발전협의회,063-620-4705,http://www.namwon.go.kr/tour/index.do
산림문화체험 사려니숲길위원회,064-750-2291,http://www.facebook.com/saryeoni/
산양리 3.1 동지회,054-480-7306,NULL
산지천축제위원회,064-728-4655,NULL
산청문화원,055-970-6401,http://www.sancheong.go.kr
산청불교사암연합회,055-970-6401,http://www.sancheong.go.kr
산청한방약초축제위원회,055-970-6602,http://www.sancheong.go.kr
산청황매산철쭉위원회,055-970-7201,http://www.sancheong.go.kr
삼길포축제위원회,041-660-2069,http://www.samgilpo.com
삼길포축제위원회,070-7371-0846,http://www.samgilpo.com
삼락동,051-310-3002,NULL
삼양동연합청년회,064-728-4713,NULL
삼칠민속줄다리기위원회,055-587-2737,NULL
상서개암동벚꽃축제추진위원회,063-580-4778,NULL
상월명품고구마축제추진위원회,041-746-8673,NULL
상주면연합청년회,NULL,http://tour.namhae.go.kr/main.web
상주면연합청년회,NULL,http://tour.namhae.go.kr/main.web
상패동주민자치위원회,031-860-3180,http://www.ddc.go.kr
생거진천문화축제추진위원회,043-533-2744,http://www.jincheon.go.kr
생초면체육회,055-970-8151,http://www.sancheong.go.kr
서구문화원,053-663-2181,http://www.dgs.go.kr/tour/
서구청,053-663-2181,http://www.dgs.go.kr/tour/
서구축제추진위원회,042-288-2714,http://www.seogu.go.kr/sorg/content.do?mnucd=SGMENU0500127
서귀포시,064-739-9701,http://culture.seogwipo.go.kr/astronomy/
서귀포시,064-760-2652,NULL
서귀포칠십리축제조직위원회,064-760-3946,www.i70ni.com
서면개발위원회,041-950-4256,http://tour.seocheon.go.kr
서면개발위원회,041-950-4019,http://tour.seocheon.go.kr
서면개발위원회,041-950-4256,http://tour.seocheon.go.kr
서산6쪽마늘축제추진위원회,041-660-2435,http://www.seosan.go.kr/tour
서산갯마을뻘낙지축제위원회,041-660-2069,http://www.seosan.go.kr/tour
서산갯마을뻘낙지축제위원회,NULL,NULL
서산국화축제추진위원회,041-660-3935,http://gukhwaou.blog.me/
서산국화축제추진위원회,041-660-3935,http://gukhwaou.blog.me/
서산해미읍성역사체험축제추진위원회,041-660-2498,http://www.haemifest.com/
서산해미읍성축제추진위원회,041-660-2679,http://www.haemifest.com/
서울동화축제위원회,02-450-7596,http://www.fairytalefestival.org
서울신학대학교,032-625-3115,http://www.marubusking.com/
서울특별시 강남구,02-3423-5543,https://kpopcon.net
서울특별시 강북구 관내 3종교연합,02-901-6207,www.gangbuk.go.kr
서울특별시 강북구청,02-901-6207,www.gangbuk.go.kr
서울특별시 강서구청,02-2600-6455,http://www.gangseo.seoul.kr/site/munhwa/index.jsp
서울특별시 광진구청,02-450-7591,NULL
서울특별시 광진구청,02-450-7584,NULL
서울특별시 동대문문화원,02-2127-4158,NULL
서울특별시 서대문구,02-330-1410,http://blog.naver.com/xmasfest
서울특별시 서대문독립민주축제추진위원회,02-330-1410,https://blog.naver.com/sidfest
서울특별시 성동구청,02-2286-5203,www.sd.go.kr
서울특별시 성동구청,02-2286-5203,www.sd.go.kr
서울특별시 성동구청,02-2286-5203,www.sd.go.kr
서울특별시 송파구,02-2147-2800,http://culture.songpa.go.kr/user.kdf?a=songpa.menu.MenuApp&c=1001&cate_id=AM0201002000
서울특별시 양천문화원,02-2651-5300,http://www.yangcheon.go.kr
서홍동청소년지도협의회,064-760-4725,www.i70ni.com
선산읍 체육회,054-480-7013,NULL
선주원남동남여새마을지도자협의회,054-480-7505,NULL
설성문화제 기획실무위원회,043-872-4084,NULL
설성문화제기획실무위원회,043-872-4084,http://eumseong.kccf.or.kr
섬진강다슬기축제위원회,063-640-2313,NULL
성남동,NULL,NULL
성동문화재단,02-2286-5203,www.sd.go.kr
성주군 축제추진위원회,054-930-6763,http://sjlife.kr/
성환청년회의소,041-581-1771,NULL
성환청년회의소(041-581-1771),NULL,NULL
세계자연유산 거문오름국제트레킹 위원회,064-750-2523,NULL
세종문화재연구원,053-667-2191,http://www.dalseo.daegu.kr
세종특별자치시,NULL,NULL
세종특별자치시,NULL,NULL
센텀시티배리어프리존 운영위원회,051-749-9510,http://kcmf.or.kr/comc/busan/
소백산철쭉제추진위원회,043-420-2562,http://www.sobaeksan.org
소백산철쭉제추진위원회,043-420-2552,http://www.sobaeksan.or.kr
소하도서관 청소년수련관,02-2680-0926,http://www.gmlib.or.kr/soha
속리산 신화여행축제 추진위원회,043-540-3372,http://www.tourboeun.go.kr/prog/tursmCn/tour/sub02_01_01/view.do?cntno=29(보은군 관광홈페이지)
송정축제조직위원회,051-749-4062,http://tour.haeundae.go.kr
수국축제추진위원회,051-419-4062,http://www.yeongdo.go.kr/main.web
수성구 보건소,053-666-3124,http://suseong.kr
수성문화원,053-768-0002,http://www.suseong.or.kr
수성문화원,053-768-0002,http://www.suseong.or.kr
수영구축제위원회,051-610-4062,http://www.suyeong.go.kr/eobang/
수원시 도서관사업소,031-228-4802,NULL
수원시 도서관사업소,031-228-4802,NULL
수정구청 가정복지과,NULL,NULL
수진2동,NULL,NULL
순창군,063-652-9301,http://www.jangfestival.co.kr
순천시 관광과,061-749-5795,http://scfafestival.com
스마일원신흥축제추진위원회,042-601-6914,NULL
스테핑스톤페스티벌 조직위,064-752-2225,NULL
시래기축제집행위원회,033-480-2230,http://ygfestival.kr/
시즌글라스 코리아,02-6246-4848,https://blog.naver.com/farmgreen
시청자미디어재단 강원시청자미디어센터,033-240-2310,http://kcmf.or.kr/comc/gangwon/
시청자미디어재단 강원시청자미디어센터,033-240-2310,http://kcmf.or.kr/comc/gangwon/
시청자미디어재단 강원시청자미디어센터,033-240-2310,http://kcmf.or.kr/comc/gangwon/
시청자미디어재단 광주시청자미디어센터,062-650-0333,https://kcmf.or.kr/comc/gwangju/
시청자미디어재단 광주시청자미디어센터,062-650-0336,https://kcmf.or.kr/comc/gwangju/
시청자미디어재단 광주시청자미디어센터,062-650-0332,http://kcmf.or.kr/comc/gwangju/
시청자미디어재단 광주시청자미디어센터,062-650-0324,https://kcmf.or.kr/comc/gwangju/
시청자미디어재단 광주시청자미디어센터,062-650-0334,https://kcmf.or.kr/comc/gwangju/
시청자미디어재단 광주시청자미디어센터,062-650-0324,https://kcmf.or.kr/comc/gwangju/
시청자미디어재단 광주시청자미디어센터,062-650-0336,https://kcmf.or.kr/comc/gwangju/
시청자미디어재단 대전시청자미디어센터,042-865-3700,http://kcmf.or.kr/comc/daejeon/
시청자미디어재단 대전시청자미디어센터,042-865-3700,http://kcmf.or.kr/comc/daejeon/
시청자미디어재단 대전시청자미디어센터,042-865-3700,http://kcmf.or.kr/comc/daejeon/
시청자미디어재단 부산시청자미디어센터,051-749-9522,http://kcmf.or.kr/comc/busan/
시청자미디어재단 부산시청자미디어센터,051-749-9522,http://kcmf.or.kr/comc/busan/
시청자미디어재단 부산시청자미디어센터,051-749-9522,http://kcmf.or.kr/comc/busan/
시청자미디어재단 부산시청자미디어센터,051-749-9522,http://kcmf.or.kr/comc/busan/
시청자미디어재단 서울시청자미디어센터,052-960-7024,http://kcmf.or.kr/comc/ulsan/
시청자미디어재단 서울시청자미디어센터,02-922-9974,http://kcmf.or.kr/comc/seoul/
시청자미디어재단 울산시청자미디어센터,052-960-7023,http://kcmf.or.kr/comc/ulsan/
시청자미디어재단 울산시청자미디어센터,052-960-7023,http://kcmf.or.kr/comc/ulsan/
시청자미디어재단 울산시청자미디어센터,052-960-7023,http://kcmf.or.kr/comc/ulsan/
시청자미디어재단 울산시청자미디어센터,052-960-7023,http://kcmf.or.kr/comc/ulsan/
신(神) 축제 추진위원회,043-540-3754,http://www.tourboeun.go.kr/prog/tursmCn/tour/sub02_01_03/view.do?cntno=28
신년맞이행사 추진위원회,055-639-6751,NULL
신성동마을축제추진위원회,042-601-6788,NULL
신안군,061-240-8684,www.tour.shinan.go.kr
신안튤립축제추진위원회,061-240-4041,www.tour.shinan.go.kr
신창동 마을축제 추진위원회,NULL,NULL
심훈상록문화제 집행위원회,041-357-4151,http://www.djsangnok.org
안동문화원,054-859-0825,www.adcc.or.kr
안동축제관광재단,054-841-6398,www.maskdance.com
안동축제관광재단,054-841-6398,www.tourandong.com
안동축제관광재단,054-841-6398,www.binggo.org
안산문화재단,031-481-4030,http://www.ansanfset.com
안산시,031-481-4030,http://www.ansanfset.com
안산시,031-481-3298,NULL
안산시,031-481-2317,http://www.grandcoteau.co.kr/
안산시,031-481-2317,https://tourinfo.ansan.go.kr/main.do
안산시,031-481-3059,https://tourinfo.ansan.go.kr/main.do
안산시,031-412-1763,www.ansanyouth.or.kr
안산시,031-481-3298,NULL
안산시,031-481-3040,http://choiyongsin.iansan.net
안산시,031-481-3040,http://choiyongsin.iansan.net
안산시,031-481-3040,http://choiyongsin.iansan.net
안산시,031-412-1763,www.ansanyouth.or.kr
안산시,031-412-1763,www.ansanyouth.or.kr
안산시,031-412-1763,www.ansanyouth.or.kr
안산시,031-412-1763,www.ansanyouth.or.kr
안산시,031-412-1763,www.ansanyouth.or.kr
안산중앙도서관,031-481-3862,http://lib.ansan.go.kr
안산중앙도서관,031-481-3862,http://lib.iansan.net
안산청소년수련관,031-481-3517,NULL
안성맞춤남사당바우덕이축제위원회,031-678-2512,www.anseong.go.kr
안심백인청년회,053-962-2345,http://ansim100in.com/
안흥찐빵축제위원회,033-340-2703,NULL
양구문화원,033-480-2510,http://www.ygtour.kr/
양록제집행위원회,033-480-2230,http://www.ygtour.kr/
양산삽량문화축전추진위원회,055-392-2547,http://www.yangsanfes.com/
양산웅상회야제추진위원회,055-392-2547,http://www.yangsanfes.com/
양양군축제위원회,033-670-2207,http://festival.yangyang.go.kr/site/songi_festival/index.jsp
양양군축제위원회,033-670-2724,http://festival.yangyang.go.kr/site/salmon_festival/index.jsp
양양문화제위원회,033-670-2728,http://festival.yangyang.go.kr/site/hyunsan_festival/index.jsp
양주시,031-8082-5655,https://www.yangju.go.kr/festival/index.do
양지암축제추진위원회,055-639-6793,NULL
양촌곶감축제추진위원회,041-746-8795,http://www.nonsan.go.kr/tour/html/sub03/03010703.html
양평문화원,031-774-3866,NULL
여수거북선축제보존회 축제위원회,061-659-4742,http://geobukseonfestival.yeosu.go.kr
여수마칭페스티벌추진위원회,NULL,NULL
여수밤바다불꽃축제추진위원회,061-659-4743,http://tour.yeosu.go.kr/ysff/
여수여자만갯벌노을체험행사추진위원회,061-659-1091,http://www.ystour.kr/kr/festival/
여수영취산진달래축제추진위원회,061-659-4743,http://www.ystour.kr/kr/festival/
여수향일암일출기원한마당 추진위원회,061-659-4742,http://www.ystour.kr/kr/festival/
연산백중놀이보존회,041-734-1576,NULL
연수구,032-749-7302,http://www.neungheodaefestival.or.kr/
연제구 축제추진위원회,051-665-4062,NULL
연포해수욕장번영회,041-670-2768,NULL
연풍면 축제추진위원회,043-830-2472,NULL
연호마을축제위원회,061-535-1092,www.haenam.go.kr
영광 불갑산상사화축제 추진위원회,061-350-5473,http://상사화축제.com
영덕군관광진흥협의회,054-730-6393,www.yd.go.kr
영덕대게축제추진위원회,054-730-6393,ydcrabfestival.com
영도구룡축제추진위원회,051-419-4852,http://www.yeongdo.go.kr/main.web
영도문화원,051-419-4062,https://korean.visitkorea.or.kr/detail/content_view.html?cid=1080734
영동축제관광재단,043-745-8916,http://ydft.kr
영동축제관광재단,043-745-8916,http://ydft.kr
영동축제관광재단,043-745-8916,http://ydft.kr
영등포문화재단,02-2670-3128,www.ydp.go.kr www.ydpcf.or.kr
영산포홍어축제추진위원회,061-339-8722,http://www.naju.go.kr/tour/
영암군,061-470-2347,tour.yeongam.go.kr
영암군향토축제추진위원회,061-470-2347,tour.yeongam.go.kr
영암문화원,061-470-2347,tour.yeongam.go.kr
영양군,054-680-6571,영양군청홈페이지 주소
영천동축제위원회,064-760-4653,www.i70ni.com
영천문화예술제 추진위원회,054-330-6937,https://www.yc.go.kr/tour/contents.do?mId=0709030000
영천보현산별빛축제위원회,054-330-6702,https://www.yc.go.kr/toursub/star/
영천시청년연합회,054-336-2727,NULL
영천한약축제추진위원회,054-339-7187,https://www.yc.go.kr/toursub/herb
영흥면내6리 개발위원회,032-899-3814,http://www.ongjin.go.kr/township/index.asp?dept_idx=15
예래생태체험축제위원회,064-760-4841,www.i70ni.com
예산문화원,041-339-7312,NULL
예천세계곤충엑스포추진위원회,054-650-6034,http://www.ycg.kr/open.content/tour/festivals/expo/
예총,02-2680-6871,NULL
오산시,031-8036-7612,http://www.osan.go.kr
오징어축제추진위원회,054-790-6425,http://www.ulleung.go.kr/tour/
옥수수·감자축제 위원회,043-730-4611,NULL
옥천군 농업기술센터친환경농축산과,043-730-3265,https://www.oc.go.kr/grape/index.do
옥천군포도연합회,043-730-3263,www.oc.go.kr/html/grape/
옥천깻잎작목반연합회,043-730-4771,NULL
옥천묘목축제추진위원회,043-730-3593,https://www.oc.go.kr/tree/index.do
옥천참옻축제추진위원회,043-730-3593,NULL
옥천청년회의소,043-730-3402,https://www.oc.go.kr/tour/viewTnTursmResrceU.do?resrceNo=68&sa1=ECB695ECA09CECB2B4ED9798&rcpp=9&key=2529
옥포대첩기념제전위원회,055-639-3393,NULL
온달문화축제추진위원회,043-420-2562,http://ondalfestival.or.kr
온천1·2동한마당축제추진위원회,042-601-6685,NULL
옹진군,NULL,NULL
와일드푸드축제추진위원회,063-290-2622,http://wildfoodfestival.kr
완도장보고수산물축제 추진위원회,061-550-5411,www.wando.go.kr
완주군,063-290-2621,http://www.wanju.go.kr/tour/index.wanju?menuCd=DOM_000000804008000000
외도동주민자치위원회,064-728-4892,NULL
외암민속마을보존회,041-536-8458,http://oeam.co.kr/oeam/skin1/sub_page.php?page_idx=267
욕지개척기념사업위원회,055-650-3580,NULL
용면청년회,061-380-3152,NULL
용수골꽃양귀비축제추진위원회,033-764-4443,NULL
용암산성옥샘문화제추진위원회,053-662-3311,NULL
용역발주 예정,033-257-5827,www.cccf.or.kr
용인문화원,031-324-9600,www.poeun.co.kr
용인문화재단,031-260-3320,www.yicf.or.kr
우도면연합청년회,064-728-4321,NULL
우륵문화제추진위원회,043-847-1565,www.cjart.or.kr
우시산국축제추진위원회,NULL,NULL
우포시조문학관,055-532-8989,NULL
운봉애향회,063-620-3818,http://www.namwon.go.kr/tour/index.do
운봉애향회,063-620-3818,http://www.namwon.go.kr/tour/index.do
운암면 지역발전협의회,063-640-4083,www.옥정호꽃빛.com
울릉문화원,054-791-0245,http://www.ulleungu.co.kr
울산광역시 울주군,052-248-6451,http://www.umff.kr
울산광역시 울주군,052-237-7894,http://www.ulsanonggi.or.kr
울산광역시동구,052-209-3362,http://festival.donggu.ulsan.kr/ship/
울산광역시청,052-259-7916,NULL
울산마두희축제추진위원회,052-244-2007,http://www.ulsanmaduhee.co.kr/2013/main/main.html
울산매일신문사,052-290-3663,NULL
울산쇠부리축제 추진위원회,052-241-8758,www.soeburi.org
울산중구문화원,052-290-3665,NULL
울주문화원,NULL,http://ganjeolgot.ulju.ulsan.kr/gan2014/
울진군축제발전위원회,054-789-5485,http://www.uljin.go.kr/songi
울진군축제발전위원회,054-789-5485,http://www.uljin.go.kr/crab
울진문화원,054-789-6891,NULL
웅진문화회,041-840-8069,NULL
원동매화축제추진위원회,055-392-3232,http://www.yangsanfes.com/
원동청정미나리연구회,055-392-3232,http://tour.yangsan.go.kr/
원주한지문화제위원회,033-734-4739,http://www.wonjuhanji.co.kr/
월정사,033-339-6800,http://www.woljeongsa.org
윤봉길평화축제추진위원회,041-339-7312,www.ybgfestival.kr
은평구,02-351-6514,http://www.ep.go.kr
은평구,02-351-6514,http://www.ep.go.kr
은행2동,NULL,NULL
은행나무마을축제추진위원회,043-830-2513,NULL
음성군,043-871-3142,https://life.eumseong.go.kr/
음성군인삼연합회,043-871-3692,http://www.eumseong.go.kr/tour
음성들깨농촌융복합산업사업단,043-872-5442,NULL
음성문화원,043-872-4084,http://eumseong.kccf.or.kr
의견문화제전위원회,063-642-5292,www.osudog.com
의령군,055-570-2513,http://www.uiryeong.go.kr/tour/index.uiryeong
의성세계연축제집행위원회,054-830-6096,http://tour.usc.go.kr
의성슈퍼푸드마늘축제추진위원회,054-830-6096,http://tour.usc.go.kr
의왕시,031-345-2534,http://uwtrain.net
의왕시,031-345-2534,NULL
의정부문화원,031-828-4242,NULL
의정부시보건소 건강증진과,031-870-6082,https://www.ui4u.go.kr
의정부시청소년재단,031-828-9583,http://www.uiyouth.or.kr
의정부시청소년재단,031-828-9542,http://www.uiyouth.or.kr
의정부시청소년재단,031-828-9545,http://www.uiyouth.or.kr
의정부시청소년재단,031-828-9548,http://www.uiyouth.or.kr
의정부시청소년재단,031-828-9583,http://www.uiyouth.or.kr
의정부예술의전당,031-850-5147,http://www.uac.or.kr
의정부예술의전당,031-850-5147,http://www.uac.or.kr
의정부예술의전당,031-828-5832,http://www.uac.or.kr
의정부외국인노동자지원센터,031-828-4243,NULL
의좋은형제축제추진위원회,041-339-7312,NULL
이담농악보존회,031-860-2063,http://www.ddc.go.kr
이서면 번영회,061-379-5090,NULL
이천백사산수유꽃축제추진위원회,031-631-2104,http://www.2104sansooyou.com
이천시도자기축제추진위원회,031-645-3094,http://www.ceramic.or.kr
이천쌀문화축제추진위원회,031-645-3093,http://www.recefestival.or.kr
이호테우축제위원회,064-742-2501,NULL
이호테우축제위원회,064-742-2501,NULL
이효석문학선양회,033-335-2323,http://www.hyoseok.com
익산문화재단,063-843-8817,http://seodong.iksan.go.Kr
익산시 농업기술센터,063-859-4977,http://gukhwa.iksan.go.kr
인천관광공사,NULL,http://www.culturenight.co.kr/
인천광역시 동구청,032-770-6923,http://www.icdonggu.go.kr/open_content/culture/event/festival.jsp
인천광역시 동구청,032-770-6922,http://www.icdonggu.go.kr/open_content/culture/event/festival.jsp
인천광역시 서구문화원,032-560-5933,http://www.seo.incheon.kr/
인천광역시 연수구청,032-722-7924,http://kcmf.or.kr/comc/incheon
인천시청자미디어센터,032-722-7924,http://kcmf.or.kr/comc/incheon
인천종합어시장사업협동조합,NULL,NULL
인천중구문화원,NULL,http://www.icjg.go.kr/tour/cttu0202a
인천중구문화원,NULL,http://www.icjg.go.kr/tour/cttu0202a
인천중구문화원,NULL,http://www.icjg.go.kr/tour/cttu0202a
일도1동 축제추진위원회,064-728-4412,NULL
임실N치즈축제 제전위원회,063-643-3900,www.imsilfestival.com
임실필봉농악보존회,063-640-2901,www.pilbong.co.kr
임영민속연구회,033-651-0886,NULL
입장거봉포도축제추진위원회(041-521-6847),NULL,NULL
자두체험행사추진위원회,054-830-5195,http://tour.usc.go.kr
장미축제위원회,033-745-0978,NULL
장승축제추진위원회,041-943-4774,http://korean.visitkorea.or.kr/kor/bz15/where/festival/festival.jsp?cid=293475
장승포동,055-639-6751,NULL
장호원농협,031-643-0045,http://www.peachfestival.co.kr
장흥달맞이놀이마당추진위원회,NULL,http://www.ulleung.go.kr/tour/
재단법인 여주세종문화재단,031-881-9692,http://www.yjogoknaru.or.kr
재단법인제천문화재단,043-641-4870,http://www.jccf.or.kr
재단법인제천문화재단,043-641-4870,http://www.jccf.or.kr
전국마라톤협회,033-480-2230,http://www.ygtour.kr/
전농로왕벚꽃축제추진위원회,064-728-2751,NULL
전라남도 곡성군,061-360-8252,http://www.simcheong.com/?r=home&c=4/68/223/287
전라남도 곡성군,061-360-8252,http://www.simcheong.com/?r=home&c=4/68/223/287
전라남도 목포시,061-270-8442,http://www.mokpo.go.kr/tour/festival/yudalsan_spring/info
전라남도 해남군,061-530-5159,www.haenam.go.kr
전라북도 진안군,063-430-2393,www.jinanfestival.com
전민동마을축제추진위원회,042-601-6803,NULL
정왕「본」축제추진위원회,031-310-4517,NULL
정읍시,063-539-5233,NULL
정읍시,063-539-5233,NULL
정읍시,063-539-5162,http://www.jeongeup.go.kr
정읍시구절초축제추진위원회,063-539-6172,http://www.jeongeup.go.kr/culture
제6회 국제전기자동차엑스포 조직위원회,064-702-1580,http://www.ievexpo.org/
제주관광공사,NULL,NULL
제주관광공사,NULL,https://www.noljennoljang.com/
제주관광공사,064-740-6000,NULL
제주관광공사,064-740-6000,NULL
제주도 세계지질공원 트레일위원회,064-750-2291,NULL
제주돌문화공원,064-710-7731,NULL
제주메밀육성사업단,064-792-8245,NULL
제주시관광축제추진협의회,064-728-2753,http://buriburi.go.kr/
제주시관광축제추진협의회,064-728-2751,http://www.jejusi.go.kr/buriburi/main.do
제주시관광축제추진협의회 및 읍면동 주관단체,064-728-2751,NULL
제주유채꽃축제조직위원회,064-787-3966,http://www.jejuflowerfestival.com/
제주유채꽃축제조직위원회,064-760-3946,www.jejuflowerfestival.com
제주특별자치도,064-760-4282,http://www.sunrisefestival.kr/
제주특별자치도,064-740-6000,http://www.facebook.com/jejuwinterfestival
제주특별자치도,064-728-2714,http://blog.daum.net/jepaf
제주특별자치도관광협회,064-741-8781,http://www.jejumarathon.com/InfoOutline01.do
제천국제음악영화제집행위원회,043-646-2242,www.jimff.org
㈜서경방송,055-970-7202,http://www.sancheong.go.kr
㈜엠비씨경남,055-639-4173,NULL
㈜청주방송,043-201-2012,http://www.jazztonicfestival.com/
㈜파라,061-530-5157,NULL
㈜파라,061-530-5158,NULL
중구문화원,052-290-3664,NULL
중구미술협회,053-661-2177,NULL
중랑구,02-2094-1824,http://jungnang.go.kr
중랑구,02-2094-1822,http://www.jungnang.go.kr/seoulRose/
중문마을회,064-760-4824,www.i70ni.com
중원구청 가정복지과,NULL,NULL
증평들노래축제추진위원회,043-835-4142,https://www.jp.go.kr/museum.do
증평문화원,043-835-4143,http://www.jeungpyeongfestival.com/
증평예총,043-835-4152,http://www.artjp.net/
증평인삼골축제추진위원회,043-835-4142,http://tour.jp.go.kr
지곡왕산포서산갯마을축제추진위원회,041-660-2069,http://www.seosan.go.kr/tour
지리산산청곶감축제위원회,055-970-6932,http://www.sancheong.go.kr
지용회,043-730-3402,http://www.okcc.or.kr/gyfestival/
진동계곡산나물축제 추진위원회,033-460-2082,http://www.jindongri.com
진안고원수박축제추진위원회,063-430-2393,www.jinanfestival.com
진안고원운장산고로쇠축제추진위원회,063-430-2393,www.jinanfestival.com
진안홍삼축제추진위원회,063-430-2392,www.jinanfestival.com
진잠주민 화합의 한마당 추진위원회,042-601-6655,NULL
진조크루,032-625-3113,http://bbickorea.com/
진조크루,032-625-3113,http://www.thejinjo.com/
진주남강유등축제제전위원회,055-755-9111,http://www.yudeung.com
진주논개제 제전위원회,055-746-5001,http://jjcc.or.kr/
진해군항제축제위원회,NULL,NULL
차성문화제추진위원회,051-709-4062,http://www.gijang.go.kr/tour/index.gijang
창원서부수협,NULL,NULL
창원시,NULL,NULL
창평면주민자치위원회,061-380-3152,NULL
천년나주목읍성문화축제추진위원회,061-339-8722,http://www.naju.go.kr/tour/
천령문화제위원회,NULL,blog.naver.com/hywm2012
천안문화재단,041-900-7020,http://www.cfac.or.kr/Home/Perf/Fesitival.aspx
천안문화재단,041-900-7020,NULL
천안시호두축제추진위원회,041-521-4701,NULL
천안시호두축제추진위원회(041-521-4701),NULL,NULL
천안예총,041-561-1522,http://www.cheonanart.co.kr/board_KvHe80
천안예총(041-561-1522),NULL,http://www.cheonanart.co.kr/board_KvHe80
첨단1동주민자치위원회,NULL,NULL
청도군,054-370-2377,www.청도반시축제.kr
청도군,054-373-1951,www.coafe.kr
청도군,054-370-2371,www.청도소싸움.kr
청도군,054-372-7640,www.yudeung.net
청산도슬로우걷기축제추진위원회,061-550-5433,www.wando.go.kr
청송군축제추진위원회,054-870-6237,NULL
청수축제위원회,064-722-1303,NULL
청양고추구기자축제추진위원회,041-940-2302,http://www.cheongyang.go.kr/kor.do
청양고추구기자축제추진위원회,041-940-2302,http://www.cygg.kr
청양문화원,041-943-4774,www.cnkccf.or.kr/cheongyang.do
청원생명축제추진위원회,043-201-2238,https://www.cheongju.go.kr/bio/index.do
청정완도 가을빛 여행 추진위원회,061-550-5411,www.wando.go.kr
청주문화산업진흥재단,043-201-2023,NULL
청주문화원,043-201-2012,NULL
청주문화원,043-201-2092,NULL
청주시 공원조성과,043-201-2802,NULL
청천환경문화축제추진위원회,043-830-2532,NULL
청풍면 청년회,061-379-5040,NULL
추자면 축제추진위원회,064-728-4265,NULL
축제조직위,NULL,www.tour.shinan.go.kr
축제조직위,061-240-4051,www.tour.shinan.go.kr
축제조직위,NULL,www.tour.shinan.go.kr
축제조직위,NULL,www.tour.shinan.go.kr
축제조직위,NULL,www.tour.shinan.go.kr
축제조직위,NULL,www.tour.shinan.go.kr
춘장대해수욕장 운영협의회,041-950-4019,http://tour.seocheon.go.kr
춘장대해수욕장 운영협의회,041-950-4019,http://tour.seocheon.go.kr
춘천문화원,033-254-5105,http://www.ccmunhwa.or.kr
춘천문화원,033-254-5105,http://www.ccmunhwa.or.kr
춘천시음악협회,033-259-5830,NULL
춘천예총,033-243-4360,http://www.bomnaeart.com
춘천전국관악경연대회조직위원회,033-259-5830,NULL
춘향제전위원회,063-620-5773,http://www.namwon.go.kr/tour/index.do
출판도시문화재단,031-955-0050,http://www.pajubooksori.kr
충주농산물한마당축제추진위원회,043-850-5721,NULL
충청남도 당진시,041-350-3592,http://tour.dangjin.go.kr
충청북도 보은군청,043-540-3392,http://www.tourboeun.go.kr/prog/tursmCn/tour/sub02_01_01/view.do?cntno=29
칠곡군,054-979-6433,www.chilgokmpf.com
칠곡문화원,054-977-5700,www.chilgokmpf.com
코엑스,02-6000-8121,http://www.cfestival.com/index.html
코엑스,02-6000-1125,http://www.coex.co.kr/?post_type=urbanpark&p=25495
코피플랜,02-2620-3404,http://www.yangcheon.go.kr
크리스마스트리축제 조직위원회,031-860-2278,http://www.ddc.go.kr
크리스마스트리축제위원회,051-888-5221,http://bctf.kr/g5/
태안청년회의소,041-670-2768,NULL
태화강 연등축제조직 위원,052-266-3318,http://www.ubcf.net
퇴촌토마토축제위원회,031-760-4819,https://www.gjcity.go.kr
파주개성인삼추진위원회,031-940-5282,http://tour.paju.go.kr
파주문화원,031-940-4352,http://tour.paju.go.kr
파주장단콩추진위원회,031-940-5281,http://tour.paju.go.kr
팔공산 단풍축제추진위원회,053-982-0471,http://www.palgongsan.org/
팔공산 벚꽃축제추진위원회,053-981-6624,http://www.palgongsan.org/
팔봉산감자축제추진위원회,041-660-2435,http://www.potatofestival.co.kr/
평생학습원,02-2680-2549,NULL
평창더위사냥축제위원회,033-334-2277,http://www.summercamp.kr
평창백일홍축제위원회,033-333-6033,http://www.101hongfestival.co.kr
평창송어축제위원회,033-336-4000,http://www.festival700.or.kr
평택시국제교류재단,031-8024-3292,NULL
포레스트수목원,061-533-7220,www.4est수목원.com
포천시,031-538-2068,http://www.sjlake.co.kr/
포항CBS,054-277-5500,http://www.phcbs.co.kr/
포항MBC,054-289-0123,http://www.phmbc.co.kr/
포항대학연합,054-270-2246,NULL
포항문화재단,054-289-7850,http://www.phcf.or.kr/
포항문화재단,054-289-7850,http://www.phcf.or.kr/kr/
포항시,054-270-2243,NULL
표선리청년회,064-760-4414,www.i70ni.com
품바축제기획실무위원회,043-873-2241,http://www.pumba21.com/
품바축제기획실무위원회,043-873-2241,http://pumba21.com
하남동 한울타리 어울림축제 추진위원회,NULL,NULL
하남문화재단,031-790-6063,NULL
한국문화예술회관연합회,NULL,http://www.jhaf.or.kr/Home/Main.aspx
한국예총 김천지회,054-433-5558,www.artgc.or.kr
한국예총 김포지회,031-980-2318,NULL
한국예총광명지회,02-2680-6871,NULL
한국패션산업연구원,053-626-5523,http://www.difacul.com
한국푸드앤와인페스티벌,NULL,NULL
한산면주민자치위원회,055-650-3600,NULL
한산모시문화제추진위원회,041-950-4016,www.hansanmosi.kr/
한성백제문화제추진위원회,02-2147-2800,www.baekjefest.com
한진 바지락 축제위원회,041-356-6098,http://tour.dangjin.go.kr
할미성대동굿보존회,031-324-9600,http://www.ycc50.org/
함백산야생화축제추진위원회,033-592-2810,NULL
함안군아라제위원회,055-585-9400,ara.or.kr
함안낙화놀이보존회,055-580-2325,haman.go.kr
함평군축제추진위원회,061-320-1783,www.hampyeong.go.kr
합천군,055-930-4666,www.합천여름바캉스축제.kr
합천군 체육회,055-930-3182,www.hcmrt.or.kr
해맞이축제추진위원회,061-531-3161,www.haenam.go.kr
해미벚꽃축제추진위원원,041-660-3844,http://www.seosan.go.kr/tour
해양수산부,032-749-7302,NULL
해운대지구발전협의회,051-746-0276,http://hudbj.kr/g5/
행사추진위원회,043-201-3662,http://jikjikorea.com/
행정안전부,063-560-2952,www.gochang.go.kr/culture/board/view.gochang?boardId=BBS_0000220&meCd=DOM_000000603001010000&startPage=1&dataSid=397852
향토발전진달래,041-356-3848,http://www.jindalae.co.kr
형형색색 달구벌관등놀이 축제봉행위원회,053-623-6388,http://www.gwandeung.or.kr
홍성역사인물축제추진위원회,041-630-1227,herofestival.co.kr
홍성역사인물축제추진위원회,041-630-1227,http://www.hsfestival.co.kr/html/main.html
홍원항마을축제추진위원회,041-950-4256,http://tour.seocheon.go.kr
화성시,031-5189-2149,NULL
화성시,031-5189-3832,NULL
화성시 체육회,031-5189-6193,NULL
화성시 체육회,031-5189-6193,NULL
화성시문화재단,031-5189-6136,NULL
화성시문화재단,031-5189-3835,NULL
화성포도축제추진위원회,031-5189-3888,NULL
화순고인돌축제추진위원회,061-379-5070,NULL
화순군,061-379-3575,http://hwasun.go.kr/festival/
화순운주문화축제추진위원회,061-379-5082,NULL
화순읍 청년연합회,061-379-5011,NULL
황매산철쭉제전위원회,055-930-4753,http://www.hc.go.kr/hmfestival/main/
황태축제위원회,033-462-4808,http://www.yongdaeri.com/5festival/
횡성더덕축제위원회,033-340-2706,NULL
횡성문화재단,033-340-5712,http://www.hscf.or.kr
효돈동연합청년회,064-760-4623,www.i70ni.com
훌라,053-661-2173,NULL
흑석산철쭉제추진위원회,061-531-3362,www.haenam.go.kr
흥부골아영애발전협의회,063-620-4084,http://www.namwon.go.kr/tour/index.do
흥부제전위원회,063-620-5772,http://www.namwon.go.kr/tour/index.do
